Workbook

Sheet Instrucciones
B1: Plantilla E1 · Catálogo de casos de prueba y matriz de trazabilidad
B2: Pruebas de Software · Proyecto Nuclear · Sistema web de predicción de demanda · Corte 1 (vence el 23/10/2026)
B4: QUÉ ES ESTE ARCHIVO
B5: Un solo libro de Excel que sirve para el Anexo A del Plan maestro (catálogo de casos) y para el entregable E1.2 (matriz de trazabilidad). Contiene un EJEMPLO COMPLETO ya diligenciado para el sistema de predicción de demanda. Bórralo y escribe el de tu equipo.
B7: HOJAS
B8: Requisitos → lista de requisitos del backlog. Todo parte de aquí.
B9: Catalogo → un caso de prueba por fila (ID, requisito, técnica, datos de entrada, resultado esperado, tolerancia…).
B10: Verificacion → compara el valor del sistema con el valor de referencia de Producción y calcula APROBADO / FALLIDO con la tolerancia.
B11: Calculo_Referencia → el cálculo independiente en Excel (promedio móvil, suavización exponencial, regresión, MAD, MSE, MAPE). Es lo que hace Producción.
B12: Matriz → trazabilidad: qué casos verifican cada requisito. Detecta requisitos sin cobertura.
B13: Cobertura → revisa tu entrega: % de requisitos cubiertos, mínimo de casos, casos huérfanos. Se calcula solo.
B14: Riesgos → matriz de riesgos (exposición = probabilidad × impacto) para priorizar las pruebas.
... B37: • Anonimiza los datos de las empresas (Ley 1581 de 2012).

Sheet Requisitos
A1: Requisitos del sistema de predicción de demanda
A2: Aquí listas los requisitos del backlog (levantados con Producción). La Matriz y la Cobertura se alimentan de esta hoja. Celdas azules = datos que tú escribes.
A4: ID requisito | B4: Descripción | C4: Módulo | D4: Tipo | E4: Prioridad
A5: RF-01 | B5: Registrar, consultar, actualizar y eliminar series de producción y demanda por producto, línea y período | C5: Gestión de datos | D5: Funcional | E5: Alta
A6: RF-02 | B6: Cargar series de tiempo desde archivo CSV validando el formato | C6: Gestión de datos | D6: Funcional | E6: Alta
A7: RF-03 | B7: Detectar y marcar datos atípicos y faltantes en la serie | C7: Gestión de datos | D7: Funcional | E7: Media
A8: RF-04 | B8: Registrar la capacidad disponible por centro de trabajo | C8: Gestión de datos | D8: Funcional | E8: Media
A9: RF-05 | B9: Calcular el pronóstico por promedio móvil con ventana configurable | C9: Pronóstico | D9: Funcional | E9: Alta
A10: RF-06 | B10: Calcular el pronóstico por suavización exponencial simple con α configurable | C10: Pronóstico | D10: Funcional | E10: Alta
A11: RF-07 | B11: Calcular el pronóstico por suavización exponencial con tendencia (método de Holt) | C11: Pronóstico | D11: Funcional | E11: Media
A12: RF-08 | B12: Calcular el pronóstico por regresión lineal | C12: Pronóstico | D12: Funcional | E12: Alta
A13: RF-09 | B13: Calcular MAD, MSE y MAPE por método y por producto | C13: Pronóstico | D13: Funcional | E13: Alta
A14: RF-10 | B14: Generar alerta cuando el error del pronóstico supere un umbral configurable | C14: Indicadores y reportes | D14: Funcional | E14: Alta
A15: RF-11 | B15: Mostrar en el dashboard la comparación pronóstico vs. real con sesgo acumulado | C15: Indicadores y reportes | D15: Funcional | E15: Media
... A20: RNF-03 | B20: Accesibilidad básica (WCAG 2.1): contraste, etiquetas de formulario y navegación con teclado | C20: Transversal | D20: No funcional | E20: Media

Sheet Calculo_Referencia
A1: Cálculo de referencia en Excel (lo que hace Producción)
A2: Este es el "valor esperado independiente". El sistema se verifica contra estas celdas. Azul = datos de entrada; negro = fórmulas. Promedio móvil de 3 períodos y suavización con α editable.
A4: Período t | B4: Demanda real | C4: MA(3) pronóstico | D4: Error | E4: |Error| | F4: Error² | G4: |Error|/Real | I4: SES pronóstico | J4: Error | K4: |Error| | L4: Error² | M4: |Error|/Real | Q4: Parámetros | R4: Valor
A5: 1 | B5: 120 | Q5: α (suavización exponencial) | R5: 0.3
A6: 2 | B6: 132 | I6: =B5 -> 120 | J6: =B6-I6 -> 12 | K6: =ABS(J6) -> 12 | L6: =J6^2 -> 144 | M6: =K6/B6 -> 0.090909091 | Q6: Ventana del promedo móvil | R6: 3
A7: 3 | B7: 128 | I7: =I6+$R$5*(B6-I6) -> 123.6 | J7: =B7-I7 -> 4.4 | K7: =ABS(J7) -> 4.4 | L7: =J7^2 -> 19.36 | M7: =K7/B7 -> 0.034375 | Q7: La ventana está fija en 3 en las fórmulas de la columna C (informativo).
A8: 4 | B8: 141 | C8: =AVERAGE(B5:B7) -> 126.66667 | D8: =B8-C8 -> 14.333333 | E8: =ABS(D8) -> 14.333333 | F8: =D8^2 -> 205.44444 | G8: =E8/B8 -> 0.10165485 | I8: =I7+$R$5*(B7-I7) -> 124.92 | J8: =B8-I8 -> 16.08 | K8: =ABS(J8) -> 16.08 | L8: =J8^2 -> 258.5664 | M8: =K8/B8 -> 0.11404255
A9: 5 | B9: 138 | C9: =AVERAGE(B6:B8) -> 133.66667 | D9: =B9-C9 -> 4.3333333 | E9: =ABS(D9) -> 4.3333333 | F9: =D9^2 -> 18.777778 | G9: =E9/B9 -> 0.031400966 | I9: =I8+$R$5*(B8-I8) -> 129.744 | J9: =B9-I9 -> 8.256 | K9: =ABS(J9) -> 8.256 | L9: =J9^2 -> 68.161536 | M9: =K9/B9 -> 0.059826087 | Q9: Resumen (valores de referencia) | R9: Valor
A10: 6 | B10: 150 | C10: =AVERAGE(B7:B9) -> 135.66667 | D10: =B10-C10 -> 14.333333 | E10: =ABS(D10) -> 14.333333 | F10: =D10^2 -> 205.44444 | G10: =E10/B10 -> 0.095555556 | I10: =I9+$R$5*(B9-I9) -> 132.2208 | J10: =B10-I10 -> 17.7792 | K10: =ABS(J10) -> 17.7792 | L10: =J10^2 -> 316.09995 | M10: =K10/B10 -> 0.118528 | Q10: MA(3) · MAD | R10: =AVERAGE(E8:E10) -> 11
A11: 7 | C11: =AVERAGE(B8:B10) -> 143 | I11: =I10+$R$5*(B10-I10) -> 137.55456 | Q11: MA(3) · MSE | R11: =AVERAGE(F8:F10) -> 143.22222
Q12: MA(3) · MAPE (%) | R12: =AVERAGE(G8:G10)*100 -> 7.6203789
Q13: MA(3) · pronóstico t=7 | R13: =C11 -> 143
A14: Cómo leerlo: cambia α (celda amarilla) o una demanda (azul) y todo se recalcula. Así Producción obtiene el "valor esperado" que se usa en la hoja Verificacion. | Q14: SES · pronóstico t=7 | R14: =I11 -> 137.55456
A15: Convención: la suavización exponencial toma como primer pronóstico F₂ = D₁. Si el sistema usa otra convención, se acuerda por escrito con Producción antes de probar. | Q15: SES · MAD (t=2 a 6) | R15: =AVERAGE(K6:K10) -> 11.70304
Q16: SES · MSE (t=2 a 6) | R16: =AVERAGE(L6:L10) -> 161.23758
Q17: SES · MAPE (%) (t=2 a 6) | R17: =AVERAGE(M6:M10)*100 -> 8.3536146
Q18: Regresión · intercepto a | R18: =INTERCEPT(B5:B10,A5:A10) -> 116.73333
Q19: Regresión · pendiente b | R19: =SLOPE(B5:B10,A5:A10) -> 5.1714286
Q20: Regresión · pronóstico t=7 | R20: =FORECAST(7,B5:B10,A5:A10) -> 152.93333

Sheet Catalogo
A1: Catálogo de casos de prueba (Anexo A del plan maestro)
A2: Un caso por fila. Azul = lo escribes tú. Módulo se completa solo según el requisito. Los casos CP-001 a CP-008 toman su veredicto de la hoja Verificacion.
A4: ID caso | B4: ID requisito | C4: Módulo (auto) | D4: Nivel | E4: Técnica | F4: Prioridad | G4: Precondiciones | H4: Datos de entrada | I4: Pasos | J4: Resultado esperado | K4: Tolerancia | L4: Resultado obtenido | M4: Veredicto | N4: Defecto asociado | O4: Ejecutor | P4: Fecha
A5: CP-001 | B5: RF-05 | C5: =IF(B5="","",IFERROR(INDEX(Requisitos!$C$5:$C$60,MATCH(B5,Requisitos!$A$5:$A$60,0)),"¿Requisito no existe?")) -> Pronóstico | D5: Unitaria | E5: Verificación numérica | F5: Alta | G5: Serie A cargada (6 períodos) | H5: Serie 120,132,128,141,138,150; método MA; ventana 3 | I5: Ejecutar pronóstico MA(3) | J5: Pronóstico del período 4 = 126,67 | K5: 0.01 | M5: =IFERROR(INDEX(Verificacion!$H$5:$H$24,MATCH(A5,Verificacion!$A$5:$A$24,0)),"PENDIENTE") -> APROBADO
A6: CP-002 | B6: RF-05 | C6: =IF(B6="","",IFERROR(INDEX(Requisitos!$C$5:$C$60,MATCH(B6,Requisitos!$A$5:$A$60,0)),"¿Requisito no existe?")) -> Pronóstico | D6: Unitaria | E6: Verificación numérica | F6: Alta | G6: Ídem CP-001 | H6: Ídem CP-001 | I6: Ejecutar pronóstico MA(3) | J6: Pronóstico del período 5 = 133,67 | K6: 0.01 | M6: =IFERROR(INDEX(Verificacion!$H$5:$H$24,MATCH(A6,Verificacion!$A$5:$A$24,0)),"PENDIENTE") -> APROBADO
A7: CP-003 | B7: RF-05 | C7: =IF(B7="","",IFERROR(INDEX(Requisitos!$C$5:$C$60,MATCH(B7,Requisitos!$A$5:$A$60,0)),"¿Requisito no existe?")) -> Pronóstico | D7: Unitaria | E7: Verificación numérica | F7: Alta | G7: Ídem CP-001 | H7: Ídem CP-001 | I7: Ejecutar pronóstico MA(3) | J7: Pronóstico del período 6 = 135,67 | K7: 0.01 | M7: =IFERROR(INDEX(Verificacion!$H$5:$H$24,MATCH(A7,Verificacion!$A$5:$A$24,0)),"PENDIENTE") -> APROBADO
A8: CP-004 | B8: RF-09 | C8: =IF(B8="","",IFERROR(INDEX(Requisitos!$C$5:$C$60,MATCH(B8,Requisitos!$A$5:$A$60,0)),"¿Requisito no existe?")) -> Pronóstico | D8: Unitaria | E8: Verificación numérica | F8: Alta | G8: Ídem CP-001 | H8: Ídem CP-001 | I8: Calcular MAD sobre períodos 4 a 6 | J8: MAD = 11,00 | K8: 0.01 | M8: =IFERROR(INDEX(Verificacion!$H$5:$H$24,MATCH(A8,Verificacion!$A$5:$A$24,0)),"PENDIENTE") -> APROBADO
A9: CP-005 | B9: RF-09 | C9: =IF(B9="","",IFERROR(INDEX(Requisitos!$C$5:$C$60,MATCH(B9,Requisitos!$A$5:$A$60,0)),"¿Requisito no existe?")) -> Pronóstico | D9: Unitaria | E9: Verificación numérica | F9: Alta | G9: Ídem CP-001 | H9: Ídem CP-001 | I9: Calcular MSE sobre períodos 4 a 6 | J9: MSE = 143,22 | K9: 0.01 | M9: =IFERROR(INDEX(Verificacion!$H$5:$H$24,MATCH(A9,Verificacion!$A$5:$A$24,0)),"PENDIENTE") -> APROBADO
A10: CP-006 | B10: RF-09 | C10: =IF(B10="","",IFERROR(INDEX(Requisitos!$C$5:$C$60,MATCH(B10,Requisitos!$A$5:$A$60,0)),"¿Requisito no existe?")) -> Pronóstico | D10: Unitaria | E10: Verificación numérica | F10: Alta | G10: Ídem CP-001 | H10: Ídem CP-001 | I10: Calcular MAPE sobre períodos 4 a 6 | J10: MAPE = 7,62 % (dividiendo por la demanda real) | K10: 0.01 | M10: =IFERROR(INDEX(Verificacion!$H$5:$H$24,MATCH(A10,Verificacion!$A$5:$A$24,0)),"PENDIENTE") -> FALLIDO | N10: DEF-001
A11: CP-007 | B11: RF-06 | C11: =IF(B11="","",IFERROR(INDEX(Requisitos!$C$5:$C$60,MATCH(B11,Requisitos!$A$5:$A$60,0)),"¿Requisito no existe?")) -> Pronóstico | D11: Unitaria | E11: Verificación numérica | F11: Alta | G11: Serie A cargada | H11: Misma serie; método SES; α = 0,3; F₂ = D₁ | I11: Ejecutar pronóstico SES | J11: Pronóstico del período 7 = 137,55 | K11: 0.01 | M11: =IFERROR(INDEX(Verificacion!$H$5:$H$24,MATCH(A11,Verificacion!$A$5:$A$24,0)),"PENDIENTE") -> APROBADO
A12: CP-008 | B12: RF-08 | C12: =IF(B12="","",IFERROR(INDEX(Requisitos!$C$5:$C$60,MATCH(B12,Requisitos!$A$5:$A$60,0)),"¿Requisito no existe?")) -> Pronóstico | D12: Unitaria | E12: Verificación numérica | F12: Alta | G12: Serie A cargada | H12: Misma serie; método regresión lineal | I12: Ejecutar pronóstico por regresión | J12: Pronóstico del período 7 = 152,93 | K12: 0.01 | M12: =IFERROR(INDEX(Verificacion!$H$5:$H$24,MATCH(A12,Verificacion!$A$5:$A$24,0)),"PENDIENTE") -> APROBADO
A13: CP-009 | B13: RF-09 | C13: =IF(B13="","",IFERROR(INDEX(Requisitos!$C$5:$C$60,MATCH(B13,Requisitos!$A$5:$A$60,0)),"¿Requisito no existe?")) -> Pronóstico | D13: Unitaria | E13: Valores límite | F13: Alta | G13: Serie con demanda real = 0 en un período | H13: Serie 100, 0, 120, 110 | I13: Calcular MAPE | J13: El sistema no falla: excluye el período con 0 del MAPE y muestra advertencia (comportamiento a acordar con Producción) | K13: N/A | M13: PENDIENTE
A14: CP-010 | B14: RF-05 | C14: =IF(B14="","",IFERROR(INDEX(Requisitos!$C$5:$C$60,MATCH(B14,Requisitos!$A$5:$A$60,0)),"¿Requisito no existe?")) -> Pronóstico | D14: Unitaria | E14: Valores límite | F14: Media | G14: Serie con 2 períodos | H14: Serie 100, 110; ventana 3 | I14: Ejecutar MA con ventana mayor que los datos | J14: Rechaza el cálculo con mensaje "períodos insuficientes" | K14: N/A | M14: PENDIENTE
A15: CP-011 | B15: RF-06 | C15: =IF(B15="","",IFERROR(INDEX(Requisitos!$C$5:$C$60,MATCH(B15,Requisitos!$A$5:$A$60,0)),"¿Requisito no existe?")) -> Pronóstico | D15: Unitaria | E15: Valores límite | F15: Media | G15: Serie A cargada | H15: α = 1,2 (y también α = −0,1) | I15: Ejecutar SES con α fuera de [0, 1] | J15: Rechaza el valor con mensaje de rango válido | K15: N/A | M15: PENDIENTE
A16: CP-012 | B16: RF-07 | C16: =IF(B16="","",IFERROR(INDEX(Requisitos!$C$5:$C$60,MATCH(B16,Requisitos!$A$5:$A$60,0)),"¿Requisito no existe?")) -> Pronóstico | D16: Unitaria | E16: Valores límite | F16: Media | G16: Serie A cargada | H16: β = 1,5 | I16: Ejecutar Holt con β fuera de [0, 1] | J16: Rechaza el valor con mensaje de rango válido | K16: N/A | M16: PENDIENTE
A17: CP-013 | B17: RF-05 | C17: =IF(B17="","",IFERROR(INDEX(Requisitos!$C$5:$C$60,MATCH(B17,Requisitos!$A$5:$A$60,0)),"¿Requisito no existe?")) -> Pronóstico | D17: Unitaria | E17: Valores límite | F17: Media | G17: Serie sin datos | H17: Serie vacía | I17: Ejecutar MA | J17: No calcula; muestra mensaje "serie vacía" | K17: N/A | M17: PENDIENTE
A18: CP-014 | B18: RF-13 | C18: =IF(B18="","",IFERROR(INDEX(Requisitos!$C$5:$C$60,MATCH(B18,Requisitos!$A$5:$A$60,0)),"¿Requisito no existe?")) -> Autenticación y roles | D18: Integración | E18: Tabla de decisión | F18: Alta | G18: Sesión iniciada como analista de datos | H18: Acción: eliminar un usuario | I18: Intentar eliminar usuario desde la pantalla y por la API | J18: Acceso denegado (403) y sin cambios en la base de datos | K18: N/A | M18: PENDIENTE
A19: CP-015 | B19: RF-13 | C19: =IF(B19="","",IFERROR(INDEX(Requisitos!$C$5:$C$60,MATCH(B19,Requisitos!$A$5:$A$60,0)),"¿Requisito no existe?")) -> Autenticación y roles | D19: Integración | E19: Tabla de decisión | F19: Alta | G19: Sesión como planeador de producción | H19: Acción: ejecutar pronóstico | I19: Ejecutar pronóstico sobre la serie A | J19: Acción permitida; se muestra el resultado | K19: N/A | M19: PENDIENTE
A20: CP-016 | B20: RNF-02 | C20: =IF(B20="","",IFERROR(INDEX(Requisitos!$C$5:$C$60,MATCH(B20,Requisitos!$A$5:$A$60,0)),"¿Requisito no existe?")) -> Autenticación y roles | D20: Seguridad | E20: Tabla de decisión | F20: Alta | G20: Sin sesión iniciada | H20: URL directa del dashboard y de la API de pronósticos | I20: Abrir la URL sin autenticarse | J20: Redirige al inicio de sesión / responde 401 | K20: N/A | M20: PENDIENTE
A21: CP-017 | B21: RF-13 | C21: =IF(B21="","",IFERROR(INDEX(Requisitos!$C$5:$C$60,MATCH(B21,Requisitos!$A$5:$A$60,0)),"¿Requisito no existe?")) -> Autenticación y roles | D21: Integración | E21: Tabla de decisión | F21: Media | G21: Sesión como supervisor de línea | H21: Acción: configurar umbral de alerta | I21: Intentar configurar el umbral (permisos según matriz acordada con Producción) | J21: Acceso denegado, según la matriz de permisos (supuesto a confirmar) | K21: N/A | M21: PENDIENTE
A22: CP-018 | B22: RF-10 | C22: =IF(B22="","",IFERROR(INDEX(Requisitos!$C$5:$C$60,MATCH(B22,Requisitos!$A$5:$A$60,0)),"¿Requisito no existe?")) -> Indicadores y reportes | D22: Unitaria | E22: Valores límite | F22: Alta | G22: Umbral de alerta configurado en 10 % de error | H22: Error de pronóstico exactamente igual al umbral | I22: Evaluar la alerta | J22: La alerta se activa (comportamiento "≥ umbral", a acordar con Producción) | K22: N/A | M22: PENDIENTE
A23: CP-019 | B23: RF-10 | C23: =IF(B23="","",IFERROR(INDEX(Requisitos!$C$5:$C$60,MATCH(B23,Requisitos!$A$5:$A$60,0)),"¿Requisito no existe?")) -> Indicadores y reportes | D23: Unitaria | E23: Valores límite | F23: Media | G23: Umbral configurado en 10 % | H23: Error de 9,99 % | I23: Evaluar la alerta | J23: No se activa la alerta | K23: N/A | M23: PENDIENTE
A24: CP-020 | B24: RF-02 | C24: =IF(B24="","",IFERROR(INDEX(Requisitos!$C$5:$C$60,MATCH(B24,Requisitos!$A$5:$A$60,0)),"¿Requisito no existe?")) -> Gestión de datos | D24: Integración | E24: Partición de equivalencia | F24: Alta | G24: Sesión como analista de datos | H24: CSV válido con 24 períodos | I24: Cargar el archivo | J24: Se cargan los 24 períodos y se muestran en la serie | K24: N/A | M24: PENDIENTE
... A30: CP-026 | B30: RNF-01 | C30: =IF(B30="","",IFERROR(INDEX(Requisitos!$C$5:$C$60,MATCH(B30,Requisitos!$A$5:$A$60,0)),"¿Requisito no existe?")) -> Pronóstico | D30: Rendimiento | E30: Basada en riesgo | F30: Alta | G30: Base con 500 series de 24 períodos | H30: Ejecutar el pronóstico para todas las series | I30: Medir el tiempo total | J30: Tiempo ≤ 10 s (umbral de ejemplo) | K30: N/A | M30: PENDIENTE
C31: =IF(B31="","",IFERROR(INDEX(Requisitos!$C$5:$C$60,MATCH(B31,Requisitos!$A$5:$A$60,0)),"¿Requisito no existe?"))
C32: =IF(B32="","",IFERROR(INDEX(Requisitos!$C$5:$C$60,MATCH(B32,Requisitos!$A$5:$A$60,0)),"¿Requisito no existe?"))
C33: =IF(B33="","",IFERROR(INDEX(Requisitos!$C$5:$C$60,MATCH(B33,Requisitos!$A$5:$A$60,0)),"¿Requisito no existe?"))
C34: =IF(B34="","",IFERROR(INDEX(Requisitos!$C$5:$C$60,MATCH(B34,Requisitos!$A$5:$A$60,0)),"¿Requisito no existe?"))
C35: =IF(B35="","",IFERROR(INDEX(Requisitos!$C$5:$C$60,MATCH(B35,Requisitos!$A$5:$A$60,0)),"¿Requisito no existe?"))
C36: =IF(B36="","",IFERROR(INDEX(Requisitos!$C$5:$C$60,MATCH(B36,Requisitos!$A$5:$A$60,0)),"¿Requisito no existe?"))
C37: =IF(B37="","",IFERROR(INDEX(Requisitos!$C$5:$C$60,MATCH(B37,Requisitos!$A$5:$A$60,0)),"¿Requisito no existe?"))
C38: =IF(B38="","",IFERROR(INDEX(Requisitos!$C$5:$C$60,MATCH(B38,Requisitos!$A$5:$A$60,0)),"¿Requisito no existe?"))
C39: =IF(B39="","",IFERROR(INDEX(Requisitos!$C$5:$C$60,MATCH(B39,Requisitos!$A$5:$A$60,0)),"¿Requisito no existe?"))
C40: =IF(B40="","",IFERROR(INDEX(Requisitos!$C$5:$C$60,MATCH(B40,Requisitos!$A$5:$A$60,0)),"¿Requisito no existe?"))
C41: =IF(B41="","",IFERROR(INDEX(Requisitos!$C$5:$C$60,MATCH(B41,Requisitos!$A$5:$A$60,0)),"¿Requisito no existe?"))
C42: =IF(B42="","",IFERROR(INDEX(Requisitos!$C$5:$C$60,MATCH(B42,Requisitos!$A$5:$A$60,0)),"¿Requisito no existe?"))
... C104: =IF(B104="","",IFERROR(INDEX(Requisitos!$C$5:$C$60,MATCH(B104,Requisitos!$A$5:$A$60,0)),"¿Requisito no existe?"))
A106: Recuerda: mínimo 20 casos y 8 de verificación numérica (ver hoja Cobertura). Los casos de límite y de roles dependen de reglas que debes acordar con Producción; márcalas como "a acordar" mientras tanto.

Sheet Verificacion
A1: Verificación numérica: sistema vs. cálculo de referencia
A2: Columna C = valor del Excel de Producción (viene de Calculo_Referencia). Columna D = lo que devuelve el sistema (lo escribes al ejecutar). El veredicto se calcula solo.
A4: ID caso | B4: Qué se verifica | C4: Valor de referencia (Excel) | D4: Valor del sistema | E4: Diferencia absoluta | F4: Tolerancia | G4: Unidad | H4: Veredicto | I4: Defecto asociado
A5: CP-001 | B5: MA(3) · pronóstico período 4 | C5: =Calculo_Referencia!C8 -> 126.66667 | D5: 126.67 | E5: =IF(OR(C5="",D5=""),"",ABS(D5-C5)) -> 0.0033333333 | F5: 0.01 | G5: unidades | H5: =IF(C5="","",IF(D5="","PENDIENTE",IF(ABS(D5-C5)<=F5,"APROBADO","FALLIDO"))) -> APROBADO
A6: CP-002 | B6: MA(3) · pronóstico período 5 | C6: =Calculo_Referencia!C9 -> 133.66667 | D6: 133.67 | E6: =IF(OR(C6="",D6=""),"",ABS(D6-C6)) -> 0.0033333333 | F6: 0.01 | G6: unidades | H6: =IF(C6="","",IF(D6="","PENDIENTE",IF(ABS(D6-C6)<=F6,"APROBADO","FALLIDO"))) -> APROBADO
A7: CP-003 | B7: MA(3) · pronóstico período 6 | C7: =Calculo_Referencia!C10 -> 135.66667 | D7: 135.67 | E7: =IF(OR(C7="",D7=""),"",ABS(D7-C7)) -> 0.0033333333 | F7: 0.01 | G7: unidades | H7: =IF(C7="","",IF(D7="","PENDIENTE",IF(ABS(D7-C7)<=F7,"APROBADO","FALLIDO"))) -> APROBADO
A8: CP-004 | B8: MA(3) · MAD | C8: =Calculo_Referencia!R10 -> 11 | D8: 11 | E8: =IF(OR(C8="",D8=""),"",ABS(D8-C8)) -> 5.3290705e-15 | F8: 0.01 | G8: unidades | H8: =IF(C8="","",IF(D8="","PENDIENTE",IF(ABS(D8-C8)<=F8,"APROBADO","FALLIDO"))) -> APROBADO
A9: CP-005 | B9: MA(3) · MSE | C9: =Calculo_Referencia!R11 -> 143.22222 | D9: 143.22 | E9: =IF(OR(C9="",D9=""),"",ABS(D9-C9)) -> 0.0022222222 | F9: 0.01 | G9: unidades² | H9: =IF(C9="","",IF(D9="","PENDIENTE",IF(ABS(D9-C9)<=F9,"APROBADO","FALLIDO"))) -> APROBADO
A10: CP-006 | B10: MA(3) · MAPE | C10: =Calculo_Referencia!R12 -> 7.6203789 | D10: 8.37 | E10: =IF(OR(C10="",D10=""),"",ABS(D10-C10)) -> 0.74962106 | F10: 0.01 | G10: % (puntos) | H10: =IF(C10="","",IF(D10="","PENDIENTE",IF(ABS(D10-C10)<=F10,"APROBADO","FALLIDO"))) -> FALLIDO | I10: DEF-001
A11: CP-007 | B11: SES α=0,3 · pronóstico período 7 | C11: =Calculo_Referencia!R14 -> 137.55456 | D11: 137.55 | E11: =IF(OR(C11="",D11=""),"",ABS(D11-C11)) -> 0.00456 | F11: 0.01 | G11: unidades | H11: =IF(C11="","",IF(D11="","PENDIENTE",IF(ABS(D11-C11)<=F11,"APROBADO","FALLIDO"))) -> APROBADO
A12: CP-008 | B12: Regresión lineal · pronóstico período 7 | C12: =Calculo_Referencia!R20 -> 152.93333 | D12: 152.93 | E12: =IF(OR(C12="",D12=""),"",ABS(D12-C12)) -> 0.0033333333 | F12: 0.01 | G12: unidades | H12: =IF(C12="","",IF(D12="","PENDIENTE",IF(ABS(D12-C12)<=F12,"APROBADO","FALLIDO"))) -> APROBADO
E13: =IF(OR(C13="",D13=""),"",ABS(D13-C13)) | H13: =IF(C13="","",IF(D13="","PENDIENTE",IF(ABS(D13-C13)<=F13,"APROBADO","FALLIDO")))
E14: =IF(OR(C14="",D14=""),"",ABS(D14-C14)) | H14: =IF(C14="","",IF(D14="","PENDIENTE",IF(ABS(D14-C14)<=F14,"APROBADO","FALLIDO")))
E15: =IF(OR(C15="",D15=""),"",ABS(D15-C15)) | H15: =IF(C15="","",IF(D15="","PENDIENTE",IF(ABS(D15-C15)<=F15,"APROBADO","FALLIDO")))
E16: =IF(OR(C16="",D16=""),"",ABS(D16-C16)) | H16: =IF(C16="","",IF(D16="","PENDIENTE",IF(ABS(D16-C16)<=F16,"APROBADO","FALLIDO")))
E17: =IF(OR(C17="",D17=""),"",ABS(D17-C17)) | H17: =IF(C17="","",IF(D17="","PENDIENTE",IF(ABS(D17-C17)<=F17,"APROBADO","FALLIDO")))
E18: =IF(OR(C18="",D18=""),"",ABS(D18-C18)) | H18: =IF(C18="","",IF(D18="","PENDIENTE",IF(ABS(D18-C18)<=F18,"APROBADO","FALLIDO")))
E19: =IF(OR(C19="",D19=""),"",ABS(D19-C19)) | H19: =IF(C19="","",IF(D19="","PENDIENTE",IF(ABS(D19-C19)<=F19,"APROBADO","FALLIDO")))
E20: =IF(OR(C20="",D20=""),"",ABS(D20-C20)) | H20: =IF(C20="","",IF(D20="","PENDIENTE",IF(ABS(D20-C20)<=F20,"APROBADO","FALLIDO")))
E21: =IF(OR(C21="",D21=""),"",ABS(D21-C21)) | H21: =IF(C21="","",IF(D21="","PENDIENTE",IF(ABS(D21-C21)<=F21,"APROBADO","FALLIDO")))
E22: =IF(OR(C22="",D22=""),"",ABS(D22-C22)) | H22: =IF(C22="","",IF(D22="","PENDIENTE",IF(ABS(D22-C22)<=F22,"APROBADO","FALLIDO")))
E23: =IF(OR(C23="",D23=""),"",ABS(D23-C23)) | H23: =IF(C23="","",IF(D23="","PENDIENTE",IF(ABS(D23-C23)<=F23,"APROBADO","FALLIDO")))
E24: =IF(OR(C24="",D24=""),"",ABS(D24-C24)) | H24: =IF(C24="","",IF(D24="","PENDIENTE",IF(ABS(D24-C24)<=F24,"APROBADO","FALLIDO")))
A26: Ejemplo intencional: CP-006 aparece FALLIDO porque el sistema (ficticio) dividió el error por el pronóstico en lugar de la demanda real (8,37 en vez de 7,62). Es un defecto típico: se registra como DEF-001.
A27: Tolerancia 0,01 = diferencia máxima aceptada, acordada con Producción y firmada en el plan maestro. Los valores del sistema están redondeados a 2 decimales.

Sheet Matriz
A1: Matriz de trazabilidad requisitos–pruebas (E1.2)
A2: Se alimenta sola desde Requisitos y Catalogo. Tú completas: Casos de prueba (lista), Nivel/herramienta y Defectos. El estado y la cobertura se calculan.
A4: ID requisito | B4: Descripción | C4: Módulo | D4: Tipo | E4: Prioridad | F4: Casos de prueba (lista) | G4: N.º casos (auto) | H4: Cobertura (auto) | I4: Nivel / herramienta | J4: Estado (auto) | K4: Defectos asociados
A5: =IF(Requisitos!A5="","",Requisitos!A5) -> RF-01 | B5: =IF($A5="","",Requisitos!B5) -> Registrar, consultar, actualizar y eliminar series de producción y demanda por producto, línea y período | C5: =IF($A5="","",Requisitos!C5) -> Gestión de datos | D5: =IF($A5="","",Requisitos!D5) -> Funcional | E5: =IF($A5="","",Requisitos!E5) -> Alta | F5: CP-023 | G5: =IF($A5="","",COUNTIF(Catalogo!$B$5:$B$104,$A5)) -> 1 | H5: =IF($A5="","",IF(G5=0,"SIN COBERTURA","Cubierto")) -> Cubierto | I5: Integración / Supertest | J5: =IF($A5="","",IF(G5=0,"Sin casos",IF(COUNTIFS(Catalogo!$B$5:$B$104,$A5,Catalogo!$M$5:$M$104,"FALLIDO")>0,"Fallido",IF(COUNTIFS(Catalogo!$B$5:$B$104,$A5,Catalogo!$M$5:$M$104,"APROBADO")=G5,"Aprobado","Pendiente")))) -> Pendiente
A6: =IF(Requisitos!A6="","",Requisitos!A6) -> RF-02 | B6: =IF($A6="","",Requisitos!B6) -> Cargar series de tiempo desde archivo CSV validando el formato | C6: =IF($A6="","",Requisitos!C6) -> Gestión de datos | D6: =IF($A6="","",Requisitos!D6) -> Funcional | E6: =IF($A6="","",Requisitos!E6) -> Alta | F6: CP-020, CP-021 | G6: =IF($A6="","",COUNTIF(Catalogo!$B$5:$B$104,$A6)) -> 2 | H6: =IF($A6="","",IF(G6=0,"SIN COBERTURA","Cubierto")) -> Cubierto | I6: Integración / Supertest | J6: =IF($A6="","",IF(G6=0,"Sin casos",IF(COUNTIFS(Catalogo!$B$5:$B$104,$A6,Catalogo!$M$5:$M$104,"FALLIDO")>0,"Fallido",IF(COUNTIFS(Catalogo!$B$5:$B$104,$A6,Catalogo!$M$5:$M$104,"APROBADO")=G6,"Aprobado","Pendiente")))) -> Pendiente
A7: =IF(Requisitos!A7="","",Requisitos!A7) -> RF-03 | B7: =IF($A7="","",Requisitos!B7) -> Detectar y marcar datos atípicos y faltantes en la serie | C7: =IF($A7="","",Requisitos!C7) -> Gestión de datos | D7: =IF($A7="","",Requisitos!D7) -> Funcional | E7: =IF($A7="","",Requisitos!E7) -> Media | F7: CP-022 | G7: =IF($A7="","",COUNTIF(Catalogo!$B$5:$B$104,$A7)) -> 1 | H7: =IF($A7="","",IF(G7=0,"SIN COBERTURA","Cubierto")) -> Cubierto | I7: Integración / Jest | J7: =IF($A7="","",IF(G7=0,"Sin casos",IF(COUNTIFS(Catalogo!$B$5:$B$104,$A7,Catalogo!$M$5:$M$104,"FALLIDO")>0,"Fallido",IF(COUNTIFS(Catalogo!$B$5:$B$104,$A7,Catalogo!$M$5:$M$104,"APROBADO")=G7,"Aprobado","Pendiente")))) -> Pendiente
A8: =IF(Requisitos!A8="","",Requisitos!A8) -> RF-04 | B8: =IF($A8="","",Requisitos!B8) -> Registrar la capacidad disponible por centro de trabajo | C8: =IF($A8="","",Requisitos!C8) -> Gestión de datos | D8: =IF($A8="","",Requisitos!D8) -> Funcional | E8: =IF($A8="","",Requisitos!E8) -> Media | G8: =IF($A8="","",COUNTIF(Catalogo!$B$5:$B$104,$A8)) -> 0 | H8: =IF($A8="","",IF(G8=0,"SIN COBERTURA","Cubierto")) -> SIN COBERTURA | J8: =IF($A8="","",IF(G8=0,"Sin casos",IF(COUNTIFS(Catalogo!$B$5:$B$104,$A8,Catalogo!$M$5:$M$104,"FALLIDO")>0,"Fallido",IF(COUNTIFS(Catalogo!$B$5:$B$104,$A8,Catalogo!$M$5:$M$104,"APROBADO")=G8,"Aprobado","Pendiente")))) -> Sin casos
A9: =IF(Requisitos!A9="","",Requisitos!A9) -> RF-05 | B9: =IF($A9="","",Requisitos!B9) -> Calcular el pronóstico por promedio móvil con ventana configurable | C9: =IF($A9="","",Requisitos!C9) -> Pronóstico | D9: =IF($A9="","",Requisitos!D9) -> Funcional | E9: =IF($A9="","",Requisitos!E9) -> Alta | F9: CP-001, CP-002, CP-003, CP-010, CP-013 | G9: =IF($A9="","",COUNTIF(Catalogo!$B$5:$B$104,$A9)) -> 5 | H9: =IF($A9="","",IF(G9=0,"SIN COBERTURA","Cubierto")) -> Cubierto | I9: Unitaria / Jest | J9: =IF($A9="","",IF(G9=0,"Sin casos",IF(COUNTIFS(Catalogo!$B$5:$B$104,$A9,Catalogo!$M$5:$M$104,"FALLIDO")>0,"Fallido",IF(COUNTIFS(Catalogo!$B$5:$B$104,$A9,Catalogo!$M$5:$M$104,"APROBADO")=G9,"Aprobado","Pendiente")))) -> Pendiente
A10: =IF(Requisitos!A10="","",Requisitos!A10) -> RF-06 | B10: =IF($A10="","",Requisitos!B10) -> Calcular el pronóstico por suavización exponencial simple con α configurable | C10: =IF($A10="","",Requisitos!C10) -> Pronóstico | D10: =IF($A10="","",Requisitos!D10) -> Funcional | E10: =IF($A10="","",Requisitos!E10) -> Alta | F10: CP-007, CP-011 | G10: =IF($A10="","",COUNTIF(Catalogo!$B$5:$B$104,$A10)) -> 2 | H10: =IF($A10="","",IF(G10=0,"SIN COBERTURA","Cubierto")) -> Cubierto | I10: Unitaria / Jest | J10: =IF($A10="","",IF(G10=0,"Sin casos",IF(COUNTIFS(Catalogo!$B$5:$B$104,$A10,Catalogo!$M$5:$M$104,"FALLIDO")>0,"Fallido",IF(COUNTIFS(Catalogo!$B$5:$B$104,$A10,Catalogo!$M$5:$M$104,"APROBADO")=G10,"Aprobado","Pendiente")))) -> Pendiente
A11: =IF(Requisitos!A11="","",Requisitos!A11) -> RF-07 | B11: =IF($A11="","",Requisitos!B11) -> Calcular el pronóstico por suavización exponencial con tendencia (método de Holt) | C11: =IF($A11="","",Requisitos!C11) -> Pronóstico | D11: =IF($A11="","",Requisitos!D11) -> Funcional | E11: =IF($A11="","",Requisitos!E11) -> Media | F11: CP-012 | G11: =IF($A11="","",COUNTIF(Catalogo!$B$5:$B$104,$A11)) -> 1 | H11: =IF($A11="","",IF(G11=0,"SIN COBERTURA","Cubierto")) -> Cubierto | I11: Unitaria / Jest | J11: =IF($A11="","",IF(G11=0,"Sin casos",IF(COUNTIFS(Catalogo!$B$5:$B$104,$A11,Catalogo!$M$5:$M$104,"FALLIDO")>0,"Fallido",IF(COUNTIFS(Catalogo!$B$5:$B$104,$A11,Catalogo!$M$5:$M$104,"APROBADO")=G11,"Aprobado","Pendiente")))) -> Pendiente
A12: =IF(Requisitos!A12="","",Requisitos!A12) -> RF-08 | B12: =IF($A12="","",Requisitos!B12) -> Calcular el pronóstico por regresión lineal | C12: =IF($A12="","",Requisitos!C12) -> Pronóstico | D12: =IF($A12="","",Requisitos!D12) -> Funcional | E12: =IF($A12="","",Requisitos!E12) -> Alta | F12: CP-008 | G12: =IF($A12="","",COUNTIF(Catalogo!$B$5:$B$104,$A12)) -> 1 | H12: =IF($A12="","",IF(G12=0,"SIN COBERTURA","Cubierto")) -> Cubierto | I12: Unitaria / Jest | J12: =IF($A12="","",IF(G12=0,"Sin casos",IF(COUNTIFS(Catalogo!$B$5:$B$104,$A12,Catalogo!$M$5:$M$104,"FALLIDO")>0,"Fallido",IF(COUNTIFS(Catalogo!$B$5:$B$104,$A12,Catalogo!$M$5:$M$104,"APROBADO")=G12,"Aprobado","Pendiente")))) -> Aprobado
A13: =IF(Requisitos!A13="","",Requisitos!A13) -> RF-09 | B13: =IF($A13="","",Requisitos!B13) -> Calcular MAD, MSE y MAPE por método y por producto | C13: =IF($A13="","",Requisitos!C13) -> Pronóstico | D13: =IF($A13="","",Requisitos!D13) -> Funcional | E13: =IF($A13="","",Requisitos!E13) -> Alta | F13: CP-004, CP-005, CP-006, CP-009 | G13: =IF($A13="","",COUNTIF(Catalogo!$B$5:$B$104,$A13)) -> 4 | H13: =IF($A13="","",IF(G13=0,"SIN COBERTURA","Cubierto")) -> Cubierto | I13: Unitaria / Jest | J13: =IF($A13="","",IF(G13=0,"Sin casos",IF(COUNTIFS(Catalogo!$B$5:$B$104,$A13,Catalogo!$M$5:$M$104,"FALLIDO")>0,"Fallido",IF(COUNTIFS(Catalogo!$B$5:$B$104,$A13,Catalogo!$M$5:$M$104,"APROBADO")=G13,"Aprobado","Pendiente")))) -> Fallido | K13: DEF-001
A14: =IF(Requisitos!A14="","",Requisitos!A14) -> RF-10 | B14: =IF($A14="","",Requisitos!B14) -> Generar alerta cuando el error del pronóstico supere un umbral configurable | C14: =IF($A14="","",Requisitos!C14) -> Indicadores y reportes | D14: =IF($A14="","",Requisitos!D14) -> Funcional | E14: =IF($A14="","",Requisitos!E14) -> Alta | F14: CP-018, CP-019 | G14: =IF($A14="","",COUNTIF(Catalogo!$B$5:$B$104,$A14)) -> 2 | H14: =IF($A14="","",IF(G14=0,"SIN COBERTURA","Cubierto")) -> Cubierto | I14: Unitaria / Jest | J14: =IF($A14="","",IF(G14=0,"Sin casos",IF(COUNTIFS(Catalogo!$B$5:$B$104,$A14,Catalogo!$M$5:$M$104,"FALLIDO")>0,"Fallido",IF(COUNTIFS(Catalogo!$B$5:$B$104,$A14,Catalogo!$M$5:$M$104,"APROBADO")=G14,"Aprobado","Pendiente")))) -> Pendiente
A15: =IF(Requisitos!A15="","",Requisitos!A15) -> RF-11 | B15: =IF($A15="","",Requisitos!B15) -> Mostrar en el dashboard la comparación pronóstico vs. real con sesgo acumulado | C15: =IF($A15="","",Requisitos!C15) -> Indicadores y reportes | D15: =IF($A15="","",Requisitos!D15) -> Funcional | E15: =IF($A15="","",Requisitos!E15) -> Media | F15: CP-024 | G15: =IF($A15="","",COUNTIF(Catalogo!$B$5:$B$104,$A15)) -> 1 | H15: =IF($A15="","",IF(G15=0,"SIN COBERTURA","Cubierto")) -> Cubierto | I15: Sistema / Cypress | J15: =IF($A15="","",IF(G15=0,"Sin casos",IF(COUNTIFS(Catalogo!$B$5:$B$104,$A15,Catalogo!$M$5:$M$104,"FALLIDO")>0,"Fallido",IF(COUNTIFS(Catalogo!$B$5:$B$104,$A15,Catalogo!$M$5:$M$104,"APROBADO")=G15,"Aprobado","Pendiente")))) -> Pendiente
A16: =IF(Requisitos!A16="","",Requisitos!A16) -> RF-12 | B16: =IF($A16="","",Requisitos!B16) -> Exportar reportes de predicciones e indicadores en PDF y Excel | C16: =IF($A16="","",Requisitos!C16) -> Indicadores y reportes | D16: =IF($A16="","",Requisitos!D16) -> Funcional | E16: =IF($A16="","",Requisitos!E16) -> Media | F16: CP-025 | G16: =IF($A16="","",COUNTIF(Catalogo!$B$5:$B$104,$A16)) -> 1 | H16: =IF($A16="","",IF(G16=0,"SIN COBERTURA","Cubierto")) -> Cubierto | I16: Sistema / Cypress | J16: =IF($A16="","",IF(G16=0,"Sin casos",IF(COUNTIFS(Catalogo!$B$5:$B$104,$A16,Catalogo!$M$5:$M$104,"FALLIDO")>0,"Fallido",IF(COUNTIFS(Catalogo!$B$5:$B$104,$A16,Catalogo!$M$5:$M$104,"APROBADO")=G16,"Aprobado","Pendiente")))) -> Pendiente
A17: =IF(Requisitos!A17="","",Requisitos!A17) -> RF-13 | B17: =IF($A17="","",Requisitos!B17) -> Autenticar usuarios con cuatro roles (administrador, planeador, supervisor de línea, analista de datos) y controlar permisos | C17: =IF($A17="","",Requisitos!C17) -> Autenticación y roles | D17: =IF($A17="","",Requisitos!D17) -> Funcional | E17: =IF($A17="","",Requisitos!E17) -> Alta | F17: CP-014, CP-015, CP-017 | G17: =IF($A17="","",COUNTIF(Catalogo!$B$5:$B$104,$A17)) -> 3 | H17: =IF($A17="","",IF(G17=0,"SIN COBERTURA","Cubierto")) -> Cubierto | I17: Integración / Supertest | J17: =IF($A17="","",IF(G17=0,"Sin casos",IF(COUNTIFS(Catalogo!$B$5:$B$104,$A17,Catalogo!$M$5:$M$104,"FALLIDO")>0,"Fallido",IF(COUNTIFS(Catalogo!$B$5:$B$104,$A17,Catalogo!$M$5:$M$104,"APROBADO")=G17,"Aprobado","Pendiente")))) -> Pendiente
A18: =IF(Requisitos!A18="","",Requisitos!A18) -> RNF-01 | B18: =IF($A18="","",Requisitos!B18) -> Rendimiento: calcular los pronósticos de 500 series en máximo 10 s (umbral de ejemplo; se define en el plan) | C18: =IF($A18="","",Requisitos!C18) -> Pronóstico | D18: =IF($A18="","",Requisitos!D18) -> No funcional | E18: =IF($A18="","",Requisitos!E18) -> Alta | F18: CP-026 | G18: =IF($A18="","",COUNTIF(Catalogo!$B$5:$B$104,$A18)) -> 1 | H18: =IF($A18="","",IF(G18=0,"SIN COBERTURA","Cubierto")) -> Cubierto | I18: Rendimiento / k6 | J18: =IF($A18="","",IF(G18=0,"Sin casos",IF(COUNTIFS(Catalogo!$B$5:$B$104,$A18,Catalogo!$M$5:$M$104,"FALLIDO")>0,"Fallido",IF(COUNTIFS(Catalogo!$B$5:$B$104,$A18,Catalogo!$M$5:$M$104,"APROBADO")=G18,"Aprobado","Pendiente")))) -> Pendiente
A19: =IF(Requisitos!A19="","",Requisitos!A19) -> RNF-02 | B19: =IF($A19="","",Requisitos!B19) -> Seguridad: ninguna ruta ni API protegida accesible sin sesión válida | C19: =IF($A19="","",Requisitos!C19) -> Autenticación y roles | D19: =IF($A19="","",Requisitos!D19) -> No funcional | E19: =IF($A19="","",Requisitos!E19) -> Alta | F19: CP-016 | G19: =IF($A19="","",COUNTIF(Catalogo!$B$5:$B$104,$A19)) -> 1 | H19: =IF($A19="","",IF(G19=0,"SIN COBERTURA","Cubierto")) -> Cubierto | I19: Seguridad / OWASP ZAP | J19: =IF($A19="","",IF(G19=0,"Sin casos",IF(COUNTIFS(Catalogo!$B$5:$B$104,$A19,Catalogo!$M$5:$M$104,"FALLIDO")>0,"Fallido",IF(COUNTIFS(Catalogo!$B$5:$B$104,$A19,Catalogo!$M$5:$M$104,"APROBADO")=G19,"Aprobado","Pendiente")))) -> Pendiente
A20: =IF(Requisitos!A20="","",Requisitos!A20) -> RNF-03 | B20: =IF($A20="","",Requisitos!B20) -> Accesibilidad básica (WCAG 2.1): contraste, etiquetas de formulario y navegación con teclado | C20: =IF($A20="","",Requisitos!C20) -> Transversal | D20: =IF($A20="","",Requisitos!D20) -> No funcional | E20: =IF($A20="","",Requisitos!E20) -> Media | G20: =IF($A20="","",COUNTIF(Catalogo!$B$5:$B$104,$A20)) -> 0 | H20: =IF($A20="","",IF(G20=0,"SIN COBERTURA","Cubierto")) -> SIN COBERTURA | J20: =IF($A20="","",IF(G20=0,"Sin casos",IF(COUNTIFS(Catalogo!$B$5:$B$104,$A20,Catalogo!$M$5:$M$104,"FALLIDO")>0,"Fallido",IF(COUNTIFS(Catalogo!$B$5:$B$104,$A20,Catalogo!$M$5:$M$104,"APROBADO")=G20,"Aprobado","Pendiente")))) -> Sin casos
A21: =IF(Requisitos!A21="","",Requisitos!A21) | B21: =IF($A21="","",Requisitos!B21) | C21: =IF($A21="","",Requisitos!C21) | D21: =IF($A21="","",Requisitos!D21) | E21: =IF($A21="","",Requisitos!E21) | G21: =IF($A21="","",COUNTIF(Catalogo!$B$5:$B$104,$A21)) | H21: =IF($A21="","",IF(G21=0,"SIN COBERTURA","Cubierto")) | J21: =IF($A21="","",IF(G21=0,"Sin casos",IF(COUNTIFS(Catalogo!$B$5:$B$104,$A21,Catalogo!$M$5:$M$104,"FALLIDO")>0,"Fallido",IF(COUNTIFS(Catalogo!$B$5:$B$104,$A21,Catalogo!$M$5:$M$104,"APROBADO")=G21,"Aprobado","Pendiente"))))
A22: =IF(Requisitos!A22="","",Requisitos!A22) | B22: =IF($A22="","",Requisitos!B22) | C22: =IF($A22="","",Requisitos!C22) | D22: =IF($A22="","",Requisitos!D22) | E22: =IF($A22="","",Requisitos!E22) | G22: =IF($A22="","",COUNTIF(Catalogo!$B$5:$B$104,$A22)) | H22: =IF($A22="","",IF(G22=0,"SIN COBERTURA","Cubierto")) | J22: =IF($A22="","",IF(G22=0,"Sin casos",IF(COUNTIFS(Catalogo!$B$5:$B$104,$A22,Catalogo!$M$5:$M$104,"FALLIDO")>0,"Fallido",IF(COUNTIFS(Catalogo!$B$5:$B$104,$A22,Catalogo!$M$5:$M$104,"APROBADO")=G22,"Aprobado","Pendiente"))))
A23: =IF(Requisitos!A23="","",Requisitos!A23) | B23: =IF($A23="","",Requisitos!B23) | C23: =IF($A23="","",Requisitos!C23) | D23: =IF($A23="","",Requisitos!D23) | E23: =IF($A23="","",Requisitos!E23) | G23: =IF($A23="","",COUNTIF(Catalogo!$B$5:$B$104,$A23)) | H23: =IF($A23="","",IF(G23=0,"SIN COBERTURA","Cubierto")) | J23: =IF($A23="","",IF(G23=0,"Sin casos",IF(COUNTIFS(Catalogo!$B$5:$B$104,$A23,Catalogo!$M$5:$M$104,"FALLIDO")>0,"Fallido",IF(COUNTIFS(Catalogo!$B$5:$B$104,$A23,Catalogo!$M$5:$M$104,"APROBADO")=G23,"Aprobado","Pendiente"))))
A24: =IF(Requisitos!A24="","",Requisitos!A24) | B24: =IF($A24="","",Requisitos!B24) | C24: =IF($A24="","",Requisitos!C24) | D24: =IF($A24="","",Requisitos!D24) | E24: =IF($A24="","",Requisitos!E24) | G24: =IF($A24="","",COUNTIF(Catalogo!$B$5:$B$104,$A24)) | H24: =IF($A24="","",IF(G24=0,"SIN COBERTURA","Cubierto")) | J24: =IF($A24="","",IF(G24=0,"Sin casos",IF(COUNTIFS(Catalogo!$B$5:$B$104,$A24,Catalogo!$M$5:$M$104,"FALLIDO")>0,"Fallido",IF(COUNTIFS(Catalogo!$B$5:$B$104,$A24,Catalogo!$M$5:$M$104,"APROBADO")=G24,"Aprobado","Pendiente"))))
A25: =IF(Requisitos!A25="","",Requisitos!A25) | B25: =IF($A25="","",Requisitos!B25) | C25: =IF($A25="","",Requisitos!C25) | D25: =IF($A25="","",Requisitos!D25) | E25: =IF($A25="","",Requisitos!E25) | G25: =IF($A25="","",COUNTIF(Catalogo!$B$5:$B$104,$A25)) | H25: =IF($A25="","",IF(G25=0,"SIN COBERTURA","Cubierto")) | J25: =IF($A25="","",IF(G25=0,"Sin casos",IF(COUNTIFS(Catalogo!$B$5:$B$104,$A25,Catalogo!$M$5:$M$104,"FALLIDO")>0,"Fallido",IF(COUNTIFS(Catalogo!$B$5:$B$104,$A25,Catalogo!$M$5:$M$104,"APROBADO")=G25,"Aprobado","Pendiente"))))
A26: =IF(Requisitos!A26="","",Requisitos!A26) | B26: =IF($A26="","",Requisitos!B26) | C26: =IF($A26="","",Requisitos!C26) | D26: =IF($A26="","",Requisitos!D26) | E26: =IF($A26="","",Requisitos!E26) | G26: =IF($A26="","",COUNTIF(Catalogo!$B$5:$B$104,$A26)) | H26: =IF($A26="","",IF(G26=0,"SIN COBERTURA","Cubierto")) | J26: =IF($A26="","",IF(G26=0,"Sin casos",IF(COUNTIFS(Catalogo!$B$5:$B$104,$A26,Catalogo!$M$5:$M$104,"FALLIDO")>0,"Fallido",IF(COUNTIFS(Catalogo!$B$5:$B$104,$A26,Catalogo!$M$5:$M$104,"APROBADO")=G26,"Aprobado","Pendiente"))))
A27: =IF(Requisitos!A27="","",Requisitos!A27) | B27: =IF($A27="","",Requisitos!B27) | C27: =IF($A27="","",Requisitos!C27) | D27: =IF($A27="","",Requisitos!D27) | E27: =IF($A27="","",Requisitos!E27) | G27: =IF($A27="","",COUNTIF(Catalogo!$B$5:$B$104,$A27)) | H27: =IF($A27="","",IF(G27=0,"SIN COBERTURA","Cubierto")) | J27: =IF($A27="","",IF(G27=0,"Sin casos",IF(COUNTIFS(Catalogo!$B$5:$B$104,$A27,Catalogo!$M$5:$M$104,"FALLIDO")>0,"Fallido",IF(COUNTIFS(Catalogo!$B$5:$B$104,$A27,Catalogo!$M$5:$M$104,"APROBADO")=G27,"Aprobado","Pendiente"))))
A28: =IF(Requisitos!A28="","",Requisitos!A28) | B28: =IF($A28="","",Requisitos!B28) | C28: =IF($A28="","",Requisitos!C28) | D28: =IF($A28="","",Requisitos!D28) | E28: =IF($A28="","",Requisitos!E28) | G28: =IF($A28="","",COUNTIF(Catalogo!$B$5:$B$104,$A28)) | H28: =IF($A28="","",IF(G28=0,"SIN COBERTURA","Cubierto")) | J28: =IF($A28="","",IF(G28=0,"Sin casos",IF(COUNTIFS(Catalogo!$B$5:$B$104,$A28,Catalogo!$M$5:$M$104,"FALLIDO")>0,"Fallido",IF(COUNTIFS(Catalogo!$B$5:$B$104,$A28,Catalogo!$M$5:$M$104,"APROBADO")=G28,"Aprobado","Pendiente"))))
A29: =IF(Requisitos!A29="","",Requisitos!A29) | B29: =IF($A29="","",Requisitos!B29) | C29: =IF($A29="","",Requisitos!C29) | D29: =IF($A29="","",Requisitos!D29) | E29: =IF($A29="","",Requisitos!E29) | G29: =IF($A29="","",COUNTIF(Catalogo!$B$5:$B$104,$A29)) | H29: =IF($A29="","",IF(G29=0,"SIN COBERTURA","Cubierto")) | J29: =IF($A29="","",IF(G29=0,"Sin casos",IF(COUNTIFS(Catalogo!$B$5:$B$104,$A29,Catalogo!$M$5:$M$104,"FALLIDO")>0,"Fallido",IF(COUNTIFS(Catalogo!$B$5:$B$104,$A29,Catalogo!$M$5:$M$104,"APROBADO")=G29,"Aprobado","Pendiente"))))
A30: =IF(Requisitos!A30="","",Requisitos!A30) | B30: =IF($A30="","",Requisitos!B30) | C30: =IF($A30="","",Requisitos!C30) | D30: =IF($A30="","",Requisitos!D30) | E30: =IF($A30="","",Requisitos!E30) | G30: =IF($A30="","",COUNTIF(Catalogo!$B$5:$B$104,$A30)) | H30: =IF($A30="","",IF(G30=0,"SIN COBERTURA","Cubierto")) | J30: =IF($A30="","",IF(G30=0,"Sin casos",IF(COUNTIFS(Catalogo!$B$5:$B$104,$A30,Catalogo!$M$5:$M$104,"FALLIDO")>0,"Fallido",IF(COUNTIFS(Catalogo!$B$5:$B$104,$A30,Catalogo!$M$5:$M$104,"APROBADO")=G30,"Aprobado","Pendiente"))))
A31: =IF(Requisitos!A31="","",Requisitos!A31) | B31: =IF($A31="","",Requisitos!B31) | C31: =IF($A31="","",Requisitos!C31) | D31: =IF($A31="","",Requisitos!D31) | E31: =IF($A31="","",Requisitos!E31) | G31: =IF($A31="","",COUNTIF(Catalogo!$B$5:$B$104,$A31)) | H31: =IF($A31="","",IF(G31=0,"SIN COBERTURA","Cubierto")) | J31: =IF($A31="","",IF(G31=0,"Sin casos",IF(COUNTIFS(Catalogo!$B$5:$B$104,$A31,Catalogo!$M$5:$M$104,"FALLIDO")>0,"Fallido",IF(COUNTIFS(Catalogo!$B$5:$B$104,$A31,Catalogo!$M$5:$M$104,"APROBADO")=G31,"Aprobado","Pendiente"))))
... A60: =IF(Requisitos!A60="","",Requisitos!A60) | B60: =IF($A60="","",Requisitos!B60) | C60: =IF($A60="","",Requisitos!C60) | D60: =IF($A60="","",Requisitos!D60) | E60: =IF($A60="","",Requisitos!E60) | G60: =IF($A60="","",COUNTIF(Catalogo!$B$5:$B$104,$A60)) | H60: =IF($A60="","",IF(G60=0,"SIN COBERTURA","Cubierto")) | J60: =IF($A60="","",IF(G60=0,"Sin casos",IF(COUNTIFS(Catalogo!$B$5:$B$104,$A60,Catalogo!$M$5:$M$104,"FALLIDO")>0,"Fallido",IF(COUNTIFS(Catalogo!$B$5:$B$104,$A60,Catalogo!$M$5:$M$104,"APROBADO")=G60,"Aprobado","Pendiente"))))
A62: Ejemplo intencional: RF-04 y RNF-03 están SIN COBERTURA para mostrar cómo se detecta un requisito sin probar. En tu entrega no puede quedar ninguno (RF) sin caso.

Sheet Cobertura
A1: Resumen de cobertura (se calcula solo)
A2: No escribas aquí. Sirve para revisar tu entrega antes de enviarla.
A4: Indicador | B4: Valor
A5: Total de requisitos | B5: =COUNTA(Requisitos!A5:A60) -> 16
A6: Requisitos con al menos un caso | B6: =COUNTIF(Matriz!G5:G60,">0") -> 14
A7: % de requisitos cubiertos | B7: =IF(B5=0,0,B6/B5) -> 0.875
A8: Requisitos sin cobertura | B8: =B5-B6 -> 2
A9: Casos de prueba totales | B9: =COUNTA(Catalogo!A5:A104) -> 26
A10: Casos de verificación numérica | B10: =COUNTIF(Catalogo!E5:E104,"Verificación numérica") -> 8
A11: Casos "huérfanos" (requisito inexistente) | B11: =SUMPRODUCT((Catalogo!B5:B104<>"")*(COUNTIF(Requisitos!A5:A60,Catalogo!B5:B104)=0)) -> 0
A12: ¿Mínimo 20 casos? | B12: =IF(B9>=20,"CUMPLE","FALTAN "&(20-B9)) -> CUMPLE
A13: ¿Mínimo 8 casos de verificación numérica? | B13: =IF(B10>=8,"CUMPLE","FALTAN "&(8-B10)) -> CUMPLE
A14: ¿100 % de requisitos con caso de prueba? | B14: =IF(B5=0,"SIN DATOS",IF(B8=0,"CUMPLE","FALTAN "&B8&" REQUISITO(S)")) -> FALTAN 2 REQUISITO(S)
A17: Módulo | B17: Requisitos | C17: Con caso | D17: % cubierto
A18: Gestión de datos | B18: =COUNTIF(Requisitos!$C$5:$C$60,A18) -> 4 | C18: =COUNTIFS(Matriz!$C$5:$C$60,A18,Matriz!$G$5:$G$60,">0") -> 3 | D18: =IF(B18=0,"",C18/B18) -> 0.75
A19: Pronóstico | B19: =COUNTIF(Requisitos!$C$5:$C$60,A19) -> 6 | C19: =COUNTIFS(Matriz!$C$5:$C$60,A19,Matriz!$G$5:$G$60,">0") -> 6 | D19: =IF(B19=0,"",C19/B19) -> 1
A20: Indicadores y reportes | B20: =COUNTIF(Requisitos!$C$5:$C$60,A20) -> 3 | C20: =COUNTIFS(Matriz!$C$5:$C$60,A20,Matriz!$G$5:$G$60,">0") -> 3 | D20: =IF(B20=0,"",C20/B20) -> 1
A21: Autenticación y roles | B21: =COUNTIF(Requisitos!$C$5:$C$60,A21) -> 2 | C21: =COUNTIFS(Matriz!$C$5:$C$60,A21,Matriz!$G$5:$G$60,">0") -> 2 | D21: =IF(B21=0,"",C21/B21) -> 1
A22: Transversal | B22: =COUNTIF(Requisitos!$C$5:$C$60,A22) -> 1 | C22: =COUNTIFS(Matriz!$C$5:$C$60,A22,Matriz!$G$5:$G$60,">0") -> 0 | D22: =IF(B22=0,"",C22/B22) -> 0
A25: Veredicto de los casos | B25: Cantidad
A26: PENDIENTE | B26: =COUNTIF(Catalogo!$M$5:$M$104,A26) -> 18
A27: APROBADO | B27: =COUNTIF(Catalogo!$M$5:$M$104,A27) -> 7
A28: FALLIDO | B28: =COUNTIF(Catalogo!$M$5:$M$104,A28) -> 1
A29: BLOQUEADO | B29: =COUNTIF(Catalogo!$M$5:$M$104,A29) -> 0

Sheet Riesgos
A1: Matriz de riesgos (sección 7 del plan maestro)
A2: Exposición = probabilidad × impacto (escala 1 a 5). Nivel: Alto ≥ 15 · Medio 8–14 · Bajo < 8. Las pruebas se priorizan por el nivel de riesgo.
A4: ID | B4: Riesgo | C4: Módulo | D4: Tipo | E4: Probabilidad (1-5) | F4: Impacto (1-5) | G4: Exposición | H4: Nivel | I4: Estrategia de prueba / mitigación | J4: Casos relacionados | K4: Estado
A5: R-01 | B5: MAPE mal calculado cuando la demanda real es 0 | C5: Pronóstico | D5: Producto | E5: 4 | F5: 5 | G5: =IF(OR(E5="",F5=""),"",E5*F5) -> 20 | H5: =IF(G5="","",IF(G5>=15,"Alto",IF(G5>=8,"Medio","Bajo"))) -> Alto | I5: Casos límite y verificación numérica del MAPE | J5: CP-006, CP-009 | K5: Abierto
A6: R-02 | B6: Pronósticos distintos al cálculo de referencia de Producción | C6: Pronóstico | D6: Producto | E6: 3 | F6: 5 | G6: =IF(OR(E6="",F6=""),"",E6*F6) -> 15 | H6: =IF(G6="","",IF(G6>=15,"Alto",IF(G6>=8,"Medio","Bajo"))) -> Alto | I6: Verificación numérica contra el Excel de Producción con tolerancia firmada | J6: CP-001 a CP-008 | K6: Abierto
A7: R-03 | B7: Carga de archivos CSV con formato inválido o corrupto | C7: Gestión de datos | D7: Producto | E7: 4 | F7: 3 | G7: =IF(OR(E7="",F7=""),"",E7*F7) -> 12 | H7: =IF(G7="","",IF(G7>=15,"Alto",IF(G7>=8,"Medio","Bajo"))) -> Medio | I7: Partición de equivalencia sobre archivos válidos e inválidos | J7: CP-020, CP-021, CP-022 | K7: Abierto
A8: R-04 | B8: Acceso indebido a funciones por rol | C8: Autenticación y roles | D8: Producto | E8: 3 | F8: 5 | G8: =IF(OR(E8="",F8=""),"",E8*F8) -> 15 | H8: =IF(G8="","",IF(G8>=15,"Alto",IF(G8>=8,"Medio","Bajo"))) -> Alto | I8: Tabla de decisión rol × acción; pruebas de seguridad | J8: CP-014 a CP-017 | K8: Abierto
A9: R-05 | B9: Lentitud al calcular muchas series | C9: Pronóstico | D9: Producto | E9: 3 | F9: 4 | G9: =IF(OR(E9="",F9=""),"",E9*F9) -> 12 | H9: =IF(G9="","",IF(G9>=15,"Alto",IF(G9>=8,"Medio","Bajo"))) -> Medio | I9: Prueba de carga con 500 series (k6) y medición de tiempos | J9: CP-026 | K9: Abierto
A10: R-06 | B10: Alertas que no se disparan en el umbral | C10: Indicadores y reportes | D10: Producto | E10: 3 | F10: 4 | G10: =IF(OR(E10="",F10=""),"",E10*F10) -> 12 | H10: =IF(G10="","",IF(G10>=15,"Alto",IF(G10>=8,"Medio","Bajo"))) -> Medio | I10: Valores límite alrededor del umbral | J10: CP-018, CP-019 | K10: Abierto
A11: R-07 | B11: Reportes exportados que no coinciden con la pantalla | C11: Indicadores y reportes | D11: Producto | E11: 2 | F11: 3 | G11: =IF(OR(E11="",F11=""),"",E11*F11) -> 6 | H11: =IF(G11="","",IF(G11>=15,"Alto",IF(G11>=8,"Medio","Bajo"))) -> Bajo | I11: Comparar valores exportados con los de pantalla | J11: CP-025 | K11: Abierto
A12: R-08 | B12: Producción no entrega el Excel de referencia a tiempo | C12: Transversal | D12: Proyecto | E12: 3 | F12: 5 | G12: =IF(OR(E12="",F12=""),"",E12*F12) -> 15 | H12: =IF(G12="","",IF(G12>=15,"Alto",IF(G12>=8,"Medio","Bajo"))) -> Alto | I12: Solicitarlo desde el corte 1 y acordar fecha; usar la hoja Calculo_Referencia como respaldo | J12: — | K12: Abierto
A13: R-09 | B13: Cambios de requisitos sin avisar al equipo de pruebas | C13: Transversal | D13: Proyecto | E13: 3 | F13: 3 | G13: =IF(OR(E13="",F13=""),"",E13*F13) -> 9 | H13: =IF(G13="","",IF(G13>=15,"Alto",IF(G13>=8,"Medio","Bajo"))) -> Medio | I13: Revisión de la matriz de trazabilidad en cada sprint | J13: — | K13: Abierto
A14: R-10 | B14: Exposición de datos de empresas en pruebas y reportes | C14: Transversal | D14: Proyecto | E14: 2 | F14: 5 | G14: =IF(OR(E14="",F14=""),"",E14*F14) -> 10 | H14: =IF(G14="","",IF(G14>=15,"Alto",IF(G14>=8,"Medio","Bajo"))) -> Medio | I14: Anonimizar datos y capturas (Ley 1581 de 2012) | J14: — | K14: Abierto
G15: =IF(OR(E15="",F15=""),"",E15*F15) | H15: =IF(G15="","",IF(G15>=15,"Alto",IF(G15>=8,"Medio","Bajo")))
G16: =IF(OR(E16="",F16=""),"",E16*F16) | H16: =IF(G16="","",IF(G16>=15,"Alto",IF(G16>=8,"Medio","Bajo")))
G17: =IF(OR(E17="",F17=""),"",E17*F17) | H17: =IF(G17="","",IF(G17>=15,"Alto",IF(G17>=8,"Medio","Bajo")))
G18: =IF(OR(E18="",F18=""),"",E18*F18) | H18: =IF(G18="","",IF(G18>=15,"Alto",IF(G18>=8,"Medio","Bajo")))
G19: =IF(OR(E19="",F19=""),"",E19*F19) | H19: =IF(G19="","",IF(G19>=15,"Alto",IF(G19>=8,"Medio","Bajo")))
G20: =IF(OR(E20="",F20=""),"",E20*F20) | H20: =IF(G20="","",IF(G20>=15,"Alto",IF(G20>=8,"Medio","Bajo")))
G21: =IF(OR(E21="",F21=""),"",E21*F21) | H21: =IF(G21="","",IF(G21>=15,"Alto",IF(G21>=8,"Medio","Bajo")))
G22: =IF(OR(E22="",F22=""),"",E22*F22) | H22: =IF(G22="","",IF(G22>=15,"Alto",IF(G22>=8,"Medio","Bajo")))
G23: =IF(OR(E23="",F23=""),"",E23*F23) | H23: =IF(G23="","",IF(G23>=15,"Alto",IF(G23>=8,"Medio","Bajo")))
G24: =IF(OR(E24="",F24=""),"",E24*F24) | H24: =IF(G24="","",IF(G24>=15,"Alto",IF(G24>=8,"Medio","Bajo")))
G25: =IF(OR(E25="",F25=""),"",E25*F25) | H25: =IF(G25="","",IF(G25>=15,"Alto",IF(G25>=8,"Medio","Bajo")))
G26: =IF(OR(E26="",F26=""),"",E26*F26) | H26: =IF(G26="","",IF(G26>=15,"Alto",IF(G26>=8,"Medio","Bajo")))
... G44: =IF(OR(E44="",F44=""),"",E44*F44) | H44: =IF(G44="","",IF(G44>=15,"Alto",IF(G44>=8,"Medio","Bajo")))

Sheet Listas
A1: Módulo | B1: Tipo | C1: Prioridad | D1: Nivel | E1: Técnica | F1: Veredicto | G1: Tipo de riesgo | H1: Escala 1-5
A2: Gestión de datos | B2: Funcional | C2: Alta | D2: Unitaria | E2: Verificación numérica | F2: PENDIENTE | G2: Producto | H2: 1
A3: Pronóstico | B3: No funcional | C3: Media | D3: Integración | E3: Partición de equivalencia | F3: APROBADO | G3: Proyecto | H3: 2
A4: Indicadores y reportes | C4: Baja | D4: Sistema/Funcional | E4: Valores límite | F4: FALLIDO | H4: 3
A5: Autenticación y roles | D5: Aceptación | E5: Tabla de decisión | F5: BLOQUEADO | H5: 4
A6: Transversal | D6: Rendimiento | E6: Transición de estados | H6: 5
D7: Seguridad | E7: Caja blanca
D8: Usabilidad | E8: Basada en riesgo
E9: Exploratoria
A10: Hoja de apoyo: alimenta las listas desplegables. No la modifiques.
